MapDate,FIPS,County,State,None,D0,D1,D2,D3,D4,ValidStart,ValidEnd,StatisticFormatID
20181225,13277,Tift County,GA,100.00,0.00,0.00,0.00,0.00,0.00,2018-12-25,2018-12-31,1
20181218,13277,Tift County,GA,100.00,0.00,0.00,0.00,0.00,0.00,2018-12-18,2018-12-24,1
20181211,13277,Tift County,GA,100.00,0.00,0.00,0.00,0.00,0.00,2018-12-11,2018-12-17,1
20181204,13277,Tift County,GA,100.00,0.00,0.00,0.00,0.00,0.00,2018-12-04,2018-12-10,1
20181127,13277,Tift County,GA,100.00,0.00,0.00,0.00,0.00,0.00,2018-11-27,2018-12-03,1
20181120,13277,Tift County,GA,100.00,0.00,0.00,0.00,0.00,0.00,2018-11-20,2018-11-26,1
20181113,13277,Tift County,GA,100.00,0.00,0.00,0.00,0.00,0.00,2018-11-13,2018-11-19,1
20181106,13277,Tift County,GA,100.00,0.00,0.00,0.00,0.00,0.00,2018-11-06,2018-11-12,1
20181030,13277,Tift County,GA,100.00,0.00,0.00,0.00,0.00,0.00,2018-10-30,2018-11-05,1
20181023,13277,Tift County,GA,100.00,0.00,0.00,0.00,0.00,0.00,2018-10-23,2018-10-29,1
20181016,13277,Tift County,GA,100.00,0.00,0.00,0.00,0.00,0.00,2018-10-16,2018-10-22,1
20181009,13277,Tift County,GA,15.56,84.44,0.00,0.00,0.00,0.00,2018-10-09,2018-10-15,1
20181002,13277,Tift County,GA,100.00,0.00,0.00,0.00,0.00,0.00,2018-10-02,2018-10-08,1
20180925,13277,Tift County,GA,100.00,0.00,0.00,0.00,0.00,0.00,2018-09-25,2018-10-01,1
20180918,13277,Tift County,GA,100.00,0.00,0.00,0.00,0.00,0.00,2018-09-18,2018-09-24,1
20180911,13277,Tift County,GA,100.00,0.00,0.00,0.00,0.00,0.00,2018-09-11,2018-09-17,1
20180904,13277,Tift County,GA,100.00,0.00,0.00,0.00,0.00,0.00,2018-09-04,2018-09-10,1
20180828,13277,Tift County,GA,100.00,0.00,0.00,0.00,0.00,0.00,2018-08-28,2018-09-03,1
20180821,13277,Tift County,GA,100.00,0.00,0.00,0.00,0.00,0.00,2018-08-21,2018-08-27,1
20180814,13277,Tift County,GA,100.00,0.00,0.00,0.00,0.00,0.00,2018-08-14,2018-08-20,1
20180807,13277,Tift County,GA,100.00,0.00,0.00,0.00,0.00,0.00,2018-08-07,2018-08-13,1
20180731,13277,Tift County,GA,100.00,0.00,0.00,0.00,0.00,0.00,2018-07-31,2018-08-06,1
20180724,13277,Tift County,GA,100.00,0.00,0.00,0.00,0.00,0.00,2018-07-24,2018-07-30,1
20180717,13277,Tift County,GA,100.00,0.00,0.00,0.00,0.00,0.00,2018-07-17,2018-07-23,1
20180710,13277,Tift County,GA,100.00,0.00,0.00,0.00,0.00,0.00,2018-07-10,2018-07-16,1
20180703,13277,Tift County,GA,100.00,0.00,0.00,0.00,0.00,0.00,2018-07-03,2018-07-09,1
20180626,13277,Tift County,GA,100.00,0.00,0.00,0.00,0.00,0.00,2018-06-26,2018-07-02,1
20180619,13277,Tift County,GA,100.00,0.00,0.00,0.00,0.00,0.00,2018-06-19,2018-06-25,1
20180612,13277,Tift County,GA,100.00,0.00,0.00,0.00,0.00,0.00,2018-06-12,2018-06-18,1
20180605,13277,Tift County,GA,100.00,0.00,0.00,0.00,0.00,0.00,2018-06-05,2018-06-11,1
20180529,13277,Tift County,GA,100.00,0.00,0.00,0.00,0.00,0.00,2018-05-29,2018-06-04,1
20180522,13277,Tift County,GA,38.07,61.93,0.00,0.00,0.00,0.00,2018-05-22,2018-05-28,1
20180515,13277,Tift County,GA,0.00,100.00,0.00,0.00,0.00,0.00,2018-05-15,2018-05-21,1
20180508,13277,Tift County,GA,0.00,100.00,0.00,0.00,0.00,0.00,2018-05-08,2018-05-14,1
20180501,13277,Tift County,GA,0.00,100.00,0.00,0.00,0.00,0.00,2018-05-01,2018-05-07,1
20180424,13277,Tift County,GA,0.00,100.00,0.00,0.00,0.00,0.00,2018-04-24,2018-04-30,1
20180417,13277,Tift County,GA,0.00,100.00,99.96,0.00,0.00,0.00,2018-04-17,2018-04-23,1
20180410,13277,Tift County,GA,0.00,100.00,99.96,0.00,0.00,0.00,2018-04-10,2018-04-16,1
20180403,13277,Tift County,GA,0.00,100.00,99.96,0.00,0.00,0.00,2018-04-03,2018-04-09,1
20180327,13277,Tift County,GA,0.00,100.00,99.96,0.00,0.00,0.00,2018-03-27,2018-04-02,1
20180320,13277,Tift County,GA,0.00,100.00,99.96,0.00,0.00,0.00,2018-03-20,2018-03-26,1
20180313,13277,Tift County,GA,0.00,100.00,99.96,0.00,0.00,0.00,2018-03-13,2018-03-19,1
20180306,13277,Tift County,GA,0.00,100.00,99.96,0.00,0.00,0.00,2018-03-06,2018-03-12,1
20180227,13277,Tift County,GA,0.00,100.00,34.65,0.00,0.00,0.00,2018-02-27,2018-03-05,1
20180220,13277,Tift County,GA,0.00,100.00,34.65,0.00,0.00,0.00,2018-02-20,2018-02-26,1
20180213,13277,Tift County,GA,0.00,100.00,34.65,0.00,0.00,0.00,2018-02-13,2018-02-19,1
20180206,13277,Tift County,GA,0.00,100.00,100.00,0.00,0.00,0.00,2018-02-06,2018-02-12,1
20180130,13277,Tift County,GA,0.00,100.00,100.00,100.00,0.00,0.00,2018-01-30,2018-02-05,1
20180123,13277,Tift County,GA,0.00,100.00,100.00,100.00,0.00,0.00,2018-01-23,2018-01-29,1
20180116,13277,Tift County,GA,0.00,100.00,100.00,0.00,0.00,0.00,2018-01-16,2018-01-22,1
20180109,13277,Tift County,GA,0.00,100.00,100.00,0.00,0.00,0.00,2018-01-09,2018-01-15,1
20180102,13277,Tift County,GA,0.00,100.00,100.00,0.00,0.00,0.00,2018-01-02,2018-01-08,1
20171226,13277,Tift County,GA,0.00,100.00,100.00,0.00,0.00,0.00,2017-12-26,2018-01-01,1
20171219,13277,Tift County,GA,0.00,100.00,100.00,0.00,0.00,0.00,2017-12-19,2017-12-25,1
20171212,13277,Tift County,GA,0.00,100.00,100.00,0.00,0.00,0.00,2017-12-12,2017-12-18,1
20171205,13277,Tift County,GA,0.00,100.00,100.00,0.00,0.00,0.00,2017-12-05,2017-12-11,1
20171128,13277,Tift County,GA,0.00,100.00,0.00,0.00,0.00,0.00,2017-11-28,2017-12-04,1
20171121,13277,Tift County,GA,0.00,100.00,0.00,0.00,0.00,0.00,2017-11-21,2017-11-27,1
20171114,13277,Tift County,GA,0.00,100.00,0.00,0.00,0.00,0.00,2017-11-14,2017-11-20,1
20171107,13277,Tift County,GA,100.00,0.00,0.00,0.00,0.00,0.00,2017-11-07,2017-11-13,1
20171031,13277,Tift County,GA,100.00,0.00,0.00,0.00,0.00,0.00,2017-10-31,2017-11-06,1
20171024,13277,Tift County,GA,100.00,0.00,0.00,0.00,0.00,0.00,2017-10-24,2017-10-30,1
20171017,13277,Tift County,GA,55.44,44.56,0.00,0.00,0.00,0.00,2017-10-17,2017-10-23,1
20171010,13277,Tift County,GA,100.00,0.00,0.00,0.00,0.00,0.00,2017-10-10,2017-10-16,1
20171003,13277,Tift County,GA,100.00,0.00,0.00,0.00,0.00,0.00,2017-10-03,2017-10-09,1
20170926,13277,Tift County,GA,100.00,0.00,0.00,0.00,0.00,0.00,2017-09-26,2017-10-02,1
20170919,13277,Tift County,GA,100.00,0.00,0.00,0.00,0.00,0.00,2017-09-19,2017-09-25,1
20170912,13277,Tift County,GA,100.00,0.00,0.00,0.00,0.00,0.00,2017-09-12,2017-09-18,1
20170905,13277,Tift County,GA,100.00,0.00,0.00,0.00,0.00,0.00,2017-09-05,2017-09-11,1
20170829,13277,Tift County,GA,100.00,0.00,0.00,0.00,0.00,0.00,2017-08-29,2017-09-04,1
20170822,13277,Tift County,GA,100.00,0.00,0.00,0.00,0.00,0.00,2017-08-22,2017-08-28,1
20170815,13277,Tift County,GA,100.00,0.00,0.00,0.00,0.00,0.00,2017-08-15,2017-08-21,1
20170808,13277,Tift County,GA,100.00,0.00,0.00,0.00,0.00,0.00,2017-08-08,2017-08-14,1
20170801,13277,Tift County,GA,100.00,0.00,0.00,0.00,0.00,0.00,2017-08-01,2017-08-07,1
20170725,13277,Tift County,GA,100.00,0.00,0.00,0.00,0.00,0.00,2017-07-25,2017-07-31,1
20170718,13277,Tift County,GA,100.00,0.00,0.00,0.00,0.00,0.00,2017-07-18,2017-07-24,1
20170711,13277,Tift County,GA,100.00,0.00,0.00,0.00,0.00,0.00,2017-07-11,2017-07-17,1
20170704,13277,Tift County,GA,100.00,0.00,0.00,0.00,0.00,0.00,2017-07-04,2017-07-10,1
20170627,13277,Tift County,GA,99.70,0.30,0.00,0.00,0.00,0.00,2017-06-27,2017-07-03,1
20170620,13277,Tift County,GA,18.43,81.57,0.48,0.00,0.00,0.00,2017-06-20,2017-06-26,1
20170613,13277,Tift County,GA,18.43,81.57,37.65,0.00,0.00,0.00,2017-06-13,2017-06-19,1
20170606,13277,Tift County,GA,18.43,81.57,39.80,0.00,0.00,0.00,2017-06-06,2017-06-12,1
20170530,13277,Tift County,GA,0.00,100.00,82.88,15.97,0.00,0.00,2017-05-30,2017-06-05,1
20170523,13277,Tift County,GA,0.00,100.00,100.00,81.35,0.00,0.00,2017-05-23,2017-05-29,1
20170516,13277,Tift County,GA,0.00,100.00,100.00,81.35,0.00,0.00,2017-05-16,2017-05-22,1
20170509,13277,Tift County,GA,0.00,100.00,100.00,81.35,0.00,0.00,2017-05-09,2017-05-15,1
20170502,13277,Tift County,GA,0.00,100.00,100.00,81.35,0.00,0.00,2017-05-02,2017-05-08,1
20170425,13277,Tift County,GA,0.00,100.00,84.37,0.00,0.00,0.00,2017-04-25,2017-05-01,1
20170418,13277,Tift County,GA,0.00,100.00,71.20,0.00,0.00,0.00,2017-04-18,2017-04-24,1
20170411,13277,Tift County,GA,0.00,100.00,0.00,0.00,0.00,0.00,2017-04-11,2017-04-17,1
20170404,13277,Tift County,GA,0.00,100.00,0.00,0.00,0.00,0.00,2017-04-04,2017-04-10,1
20170328,13277,Tift County,GA,0.00,100.00,0.00,0.00,0.00,0.00,2017-03-28,2017-04-03,1
20170321,13277,Tift County,GA,40.00,60.00,0.00,0.00,0.00,0.00,2017-03-21,2017-03-27,1
20170314,13277,Tift County,GA,100.00,0.00,0.00,0.00,0.00,0.00,2017-03-14,2017-03-20,1
20170307,13277,Tift County,GA,100.00,0.00,0.00,0.00,0.00,0.00,2017-03-07,2017-03-13,1
20170228,13277,Tift County,GA,100.00,0.00,0.00,0.00,0.00,0.00,2017-02-28,2017-03-06,1
20170221,13277,Tift County,GA,100.00,0.00,0.00,0.00,0.00,0.00,2017-02-21,2017-02-27,1
20170214,13277,Tift County,GA,100.00,0.00,0.00,0.00,0.00,0.00,2017-02-14,2017-02-20,1
20170207,13277,Tift County,GA,100.00,0.00,0.00,0.00,0.00,0.00,2017-02-07,2017-02-13,1
20170131,13277,Tift County,GA,100.00,0.00,0.00,0.00,0.00,0.00,2017-01-31,2017-02-06,1
20170124,13277,Tift County,GA,100.00,0.00,0.00,0.00,0.00,0.00,2017-01-24,2017-01-30,1
20170117,13277,Tift County,GA,0.00,100.00,0.00,0.00,0.00,0.00,2017-01-17,2017-01-23,1
20170110,13277,Tift County,GA,0.00,100.00,0.00,0.00,0.00,0.00,2017-01-10,2017-01-16,1
20170103,13277,Tift County,GA,0.00,100.00,100.00,0.00,0.00,0.00,2017-01-03,2017-01-09,1
20161227,13277,Tift County,GA,0.00,100.00,100.00,0.00,0.00,0.00,2016-12-27,2017-01-02,1
20161220,13277,Tift County,GA,0.00,100.00,100.00,0.00,0.00,0.00,2016-12-20,2016-12-26,1
20161213,13277,Tift County,GA,0.00,100.00,100.00,0.50,0.00,0.00,2016-12-13,2016-12-19,1
20161206,13277,Tift County,GA,0.00,100.00,100.00,100.00,0.00,0.00,2016-12-06,2016-12-12,1
20161129,13277,Tift County,GA,0.00,100.00,100.00,100.00,99.87,0.00,2016-11-29,2016-12-05,1
20161122,13277,Tift County,GA,0.00,100.00,100.00,100.00,0.00,0.00,2016-11-22,2016-11-28,1
20161115,13277,Tift County,GA,0.00,100.00,100.00,0.00,0.00,0.00,2016-11-15,2016-11-21,1
20161108,13277,Tift County,GA,0.00,100.00,84.30,0.00,0.00,0.00,2016-11-08,2016-11-14,1
20161101,13277,Tift County,GA,0.00,100.00,0.00,0.00,0.00,0.00,2016-11-01,2016-11-07,1
20161025,13277,Tift County,GA,0.00,100.00,0.00,0.00,0.00,0.00,2016-10-25,2016-10-31,1
20161018,13277,Tift County,GA,0.00,100.00,0.00,0.00,0.00,0.00,2016-10-18,2016-10-24,1
20161011,13277,Tift County,GA,100.00,0.00,0.00,0.00,0.00,0.00,2016-10-11,2016-10-17,1
20161004,13277,Tift County,GA,100.00,0.00,0.00,0.00,0.00,0.00,2016-10-04,2016-10-10,1
20160927,13277,Tift County,GA,100.00,0.00,0.00,0.00,0.00,0.00,2016-09-27,2016-10-03,1
20160920,13277,Tift County,GA,100.00,0.00,0.00,0.00,0.00,0.00,2016-09-20,2016-09-26,1
20160913,13277,Tift County,GA,100.00,0.00,0.00,0.00,0.00,0.00,2016-09-13,2016-09-19,1
20160906,13277,Tift County,GA,64.19,35.81,0.00,0.00,0.00,0.00,2016-09-06,2016-09-12,1
20160830,13277,Tift County,GA,0.00,100.00,35.03,0.00,0.00,0.00,2016-08-30,2016-09-05,1
20160823,13277,Tift County,GA,0.00,100.00,35.03,0.00,0.00,0.00,2016-08-23,2016-08-29,1
20160816,13277,Tift County,GA,0.00,100.00,3.32,0.00,0.00,0.00,2016-08-16,2016-08-22,1
20160809,13277,Tift County,GA,0.00,100.00,3.32,0.00,0.00,0.00,2016-08-09,2016-08-15,1
20160802,13277,Tift County,GA,0.00,100.00,3.32,0.00,0.00,0.00,2016-08-02,2016-08-08,1
20160726,13277,Tift County,GA,0.00,100.00,0.00,0.00,0.00,0.00,2016-07-26,2016-08-01,1
20160719,13277,Tift County,GA,0.00,100.00,0.00,0.00,0.00,0.00,2016-07-19,2016-07-25,1
20160712,13277,Tift County,GA,100.00,0.00,0.00,0.00,0.00,0.00,2016-07-12,2016-07-18,1
20160705,13277,Tift County,GA,100.00,0.00,0.00,0.00,0.00,0.00,2016-07-05,2016-07-11,1
20160628,13277,Tift County,GA,100.00,0.00,0.00,0.00,0.00,0.00,2016-06-28,2016-07-04,1
20160621,13277,Tift County,GA,100.00,0.00,0.00,0.00,0.00,0.00,2016-06-21,2016-06-27,1
20160614,13277,Tift County,GA,100.00,0.00,0.00,0.00,0.00,0.00,2016-06-14,2016-06-20,1
20160607,13277,Tift County,GA,100.00,0.00,0.00,0.00,0.00,0.00,2016-06-07,2016-06-13,1
20160531,13277,Tift County,GA,100.00,0.00,0.00,0.00,0.00,0.00,2016-05-31,2016-06-06,1
20160524,13277,Tift County,GA,100.00,0.00,0.00,0.00,0.00,0.00,2016-05-24,2016-05-30,1
20160517,13277,Tift County,GA,100.00,0.00,0.00,0.00,0.00,0.00,2016-05-17,2016-05-23,1
20160510,13277,Tift County,GA,100.00,0.00,0.00,0.00,0.00,0.00,2016-05-10,2016-05-16,1
20160503,13277,Tift County,GA,100.00,0.00,0.00,0.00,0.00,0.00,2016-05-03,2016-05-09,1
20160426,13277,Tift County,GA,100.00,0.00,0.00,0.00,0.00,0.00,2016-04-26,2016-05-02,1
20160419,13277,Tift County,GA,100.00,0.00,0.00,0.00,0.00,0.00,2016-04-19,2016-04-25,1
20160412,13277,Tift County,GA,100.00,0.00,0.00,0.00,0.00,0.00,2016-04-12,2016-04-18,1
20160405,13277,Tift County,GA,100.00,0.00,0.00,0.00,0.00,0.00,2016-04-05,2016-04-11,1
20160329,13277,Tift County,GA,100.00,0.00,0.00,0.00,0.00,0.00,2016-03-29,2016-04-04,1
20160322,13277,Tift County,GA,100.00,0.00,0.00,0.00,0.00,0.00,2016-03-22,2016-03-28,1
20160315,13277,Tift County,GA,100.00,0.00,0.00,0.00,0.00,0.00,2016-03-15,2016-03-21,1
20160308,13277,Tift County,GA,100.00,0.00,0.00,0.00,0.00,0.00,2016-03-08,2016-03-14,1
20160301,13277,Tift County,GA,100.00,0.00,0.00,0.00,0.00,0.00,2016-03-01,2016-03-07,1
20160223,13277,Tift County,GA,100.00,0.00,0.00,0.00,0.00,0.00,2016-02-23,2016-02-29,1
20160216,13277,Tift County,GA,100.00,0.00,0.00,0.00,0.00,0.00,2016-02-16,2016-02-22,1
20160209,13277,Tift County,GA,100.00,0.00,0.00,0.00,0.00,0.00,2016-02-09,2016-02-15,1
20160202,13277,Tift County,GA,100.00,0.00,0.00,0.00,0.00,0.00,2016-02-02,2016-02-08,1
20160126,13277,Tift County,GA,100.00,0.00,0.00,0.00,0.00,0.00,2016-01-26,2016-02-01,1
20160119,13277,Tift County,GA,100.00,0.00,0.00,0.00,0.00,0.00,2016-01-19,2016-01-25,1
20160112,13277,Tift County,GA,100.00,0.00,0.00,0.00,0.00,0.00,2016-01-12,2016-01-18,1
20160105,13277,Tift County,GA,100.00,0.00,0.00,0.00,0.00,0.00,2016-01-05,2016-01-11,1
20151229,13277,Tift County,GA,100.00,0.00,0.00,0.00,0.00,0.00,2015-12-29,2016-01-04,1
20151222,13277,Tift County,GA,100.00,0.00,0.00,0.00,0.00,0.00,2015-12-22,2015-12-28,1
20151215,13277,Tift County,GA,100.00,0.00,0.00,0.00,0.00,0.00,2015-12-15,2015-12-21,1
20151208,13277,Tift County,GA,100.00,0.00,0.00,0.00,0.00,0.00,2015-12-08,2015-12-14,1
20151201,13277,Tift County,GA,100.00,0.00,0.00,0.00,0.00,0.00,2015-12-01,2015-12-07,1
20151124,13277,Tift County,GA,100.00,0.00,0.00,0.00,0.00,0.00,2015-11-24,2015-11-30,1
20151117,13277,Tift County,GA,100.00,0.00,0.00,0.00,0.00,0.00,2015-11-17,2015-11-23,1
20151110,13277,Tift County,GA,100.00,0.00,0.00,0.00,0.00,0.00,2015-11-10,2015-11-16,1
20151103,13277,Tift County,GA,100.00,0.00,0.00,0.00,0.00,0.00,2015-11-03,2015-11-09,1
20151027,13277,Tift County,GA,64.41,35.59,0.00,0.00,0.00,0.00,2015-10-27,2015-11-02,1
20151020,13277,Tift County,GA,64.41,35.59,0.00,0.00,0.00,0.00,2015-10-20,2015-10-26,1
20151013,13277,Tift County,GA,89.84,10.16,0.00,0.00,0.00,0.00,2015-10-13,2015-10-19,1
20151006,13277,Tift County,GA,95.87,4.13,0.00,0.00,0.00,0.00,2015-10-06,2015-10-12,1
20150929,13277,Tift County,GA,82.95,17.05,0.18,0.00,0.00,0.00,2015-09-29,2015-10-05,1
20150922,13277,Tift County,GA,83.08,16.92,0.18,0.00,0.00,0.00,2015-09-22,2015-09-28,1
20150915,13277,Tift County,GA,83.08,16.92,0.18,0.00,0.00,0.00,2015-09-15,2015-09-21,1
20150908,13277,Tift County,GA,81.45,18.55,0.62,0.00,0.00,0.00,2015-09-08,2015-09-14,1
20150901,13277,Tift County,GA,81.45,18.55,0.00,0.00,0.00,0.00,2015-09-01,2015-09-07,1
20150825,13277,Tift County,GA,80.79,19.21,0.00,0.00,0.00,0.00,2015-08-25,2015-08-31,1
20150818,13277,Tift County,GA,80.27,19.73,0.00,0.00,0.00,0.00,2015-08-18,2015-08-24,1
20150811,13277,Tift County,GA,80.27,19.73,0.00,0.00,0.00,0.00,2015-08-11,2015-08-17,1
20150804,13277,Tift County,GA,0.00,100.00,0.00,0.00,0.00,0.00,2015-08-04,2015-08-10,1
20150728,13277,Tift County,GA,0.00,100.00,0.00,0.00,0.00,0.00,2015-07-28,2015-08-03,1
20150721,13277,Tift County,GA,0.00,100.00,0.00,0.00,0.00,0.00,2015-07-21,2015-07-27,1
20150714,13277,Tift County,GA,0.00,100.00,0.00,0.00,0.00,0.00,2015-07-14,2015-07-20,1
20150707,13277,Tift County,GA,0.00,100.00,0.00,0.00,0.00,0.00,2015-07-07,2015-07-13,1
20150630,13277,Tift County,GA,0.00,100.00,0.00,0.00,0.00,0.00,2015-06-30,2015-07-06,1
20150623,13277,Tift County,GA,0.00,100.00,0.00,0.00,0.00,0.00,2015-06-23,2015-06-29,1
20150616,13277,Tift County,GA,0.00,100.00,0.00,0.00,0.00,0.00,2015-06-16,2015-06-22,1
20150609,13277,Tift County,GA,0.00,100.00,0.00,0.00,0.00,0.00,2015-06-09,2015-06-15,1
20150602,13277,Tift County,GA,0.00,100.00,60.71,0.00,0.00,0.00,2015-06-02,2015-06-08,1
20150526,13277,Tift County,GA,0.00,100.00,0.00,0.00,0.00,0.00,2015-05-26,2015-06-01,1
20150519,13277,Tift County,GA,67.69,32.31,0.00,0.00,0.00,0.00,2015-05-19,2015-05-25,1
20150512,13277,Tift County,GA,89.47,10.53,0.00,0.00,0.00,0.00,2015-05-12,2015-05-18,1
20150505,13277,Tift County,GA,89.47,10.53,0.00,0.00,0.00,0.00,2015-05-05,2015-05-11,1
20150428,13277,Tift County,GA,89.47,10.53,0.00,0.00,0.00,0.00,2015-04-28,2015-05-04,1
20150421,13277,Tift County,GA,88.98,11.02,0.00,0.00,0.00,0.00,2015-04-21,2015-04-27,1
20150414,13277,Tift County,GA,24.68,75.32,0.00,0.00,0.00,0.00,2015-04-14,2015-04-20,1
20150407,13277,Tift County,GA,0.00,100.00,0.00,0.00,0.00,0.00,2015-04-07,2015-04-13,1
20150331,13277,Tift County,GA,99.84,0.16,0.00,0.00,0.00,0.00,2015-03-31,2015-04-06,1
20150324,13277,Tift County,GA,100.00,0.00,0.00,0.00,0.00,0.00,2015-03-24,2015-03-30,1
20150317,13277,Tift County,GA,100.00,0.00,0.00,0.00,0.00,0.00,2015-03-17,2015-03-23,1
20150310,13277,Tift County,GA,100.00,0.00,0.00,0.00,0.00,0.00,2015-03-10,2015-03-16,1
20150303,13277,Tift County,GA,100.00,0.00,0.00,0.00,0.00,0.00,2015-03-03,2015-03-09,1
20150224,13277,Tift County,GA,100.00,0.00,0.00,0.00,0.00,0.00,2015-02-24,2015-03-02,1
20150217,13277,Tift County,GA,100.00,0.00,0.00,0.00,0.00,0.00,2015-02-17,2015-02-23,1
20150210,13277,Tift County,GA,100.00,0.00,0.00,0.00,0.00,0.00,2015-02-10,2015-02-16,1
20150203,13277,Tift County,GA,100.00,0.00,0.00,0.00,0.00,0.00,2015-02-03,2015-02-09,1
20150127,13277,Tift County,GA,100.00,0.00,0.00,0.00,0.00,0.00,2015-01-27,2015-02-02,1
20150120,13277,Tift County,GA,100.00,0.00,0.00,0.00,0.00,0.00,2015-01-20,2015-01-26,1
20150113,13277,Tift County,GA,100.00,0.00,0.00,0.00,0.00,0.00,2015-01-13,2015-01-19,1
20150106,13277,Tift County,GA,100.00,0.00,0.00,0.00,0.00,0.00,2015-01-06,2015-01-12,1
20141230,13277,Tift County,GA,100.00,0.00,0.00,0.00,0.00,0.00,2014-12-30,2015-01-05,1
20141223,13277,Tift County,GA,100.00,0.00,0.00,0.00,0.00,0.00,2014-12-23,2014-12-29,1
20141216,13277,Tift County,GA,100.00,0.00,0.00,0.00,0.00,0.00,2014-12-16,2014-12-22,1
20141209,13277,Tift County,GA,85.40,14.60,0.00,0.00,0.00,0.00,2014-12-09,2014-12-15,1
20141202,13277,Tift County,GA,85.40,14.60,0.00,0.00,0.00,0.00,2014-12-02,2014-12-08,1
20141125,13277,Tift County,GA,85.40,14.60,0.00,0.00,0.00,0.00,2014-11-25,2014-12-01,1
20141118,13277,Tift County,GA,0.00,100.00,11.71,0.00,0.00,0.00,2014-11-18,2014-11-24,1
20141111,13277,Tift County,GA,0.00,100.00,99.03,0.00,0.00,0.00,2014-11-11,2014-11-17,1
20141104,13277,Tift County,GA,0.00,100.00,99.03,0.00,0.00,0.00,2014-11-04,2014-11-10,1
20141028,13277,Tift County,GA,0.00,100.00,99.03,0.00,0.00,0.00,2014-10-28,2014-11-03,1
20141021,13277,Tift County,GA,0.00,100.00,99.03,0.00,0.00,0.00,2014-10-21,2014-10-27,1
20141014,13277,Tift County,GA,0.00,100.00,99.03,0.00,0.00,0.00,2014-10-14,2014-10-20,1
20141007,13277,Tift County,GA,0.00,100.00,99.03,0.00,0.00,0.00,2014-10-07,2014-10-13,1
20140930,13277,Tift County,GA,0.00,100.00,99.03,0.00,0.00,0.00,2014-09-30,2014-10-06,1
20140923,13277,Tift County,GA,0.00,100.00,99.03,15.15,0.00,0.00,2014-09-23,2014-09-29,1
20140916,13277,Tift County,GA,0.00,100.00,99.03,28.97,0.00,0.00,2014-09-16,2014-09-22,1
20140909,13277,Tift County,GA,0.00,100.00,99.03,28.97,0.00,0.00,2014-09-09,2014-09-15,1
20140902,13277,Tift County,GA,0.00,100.00,100.00,28.97,0.00,0.00,2014-09-02,2014-09-08,1
20140826,13277,Tift County,GA,0.00,100.00,100.00,28.97,0.00,0.00,2014-08-26,2014-09-01,1
20140819,13277,Tift County,GA,0.00,100.00,100.00,0.81,0.00,0.00,2014-08-19,2014-08-25,1
20140812,13277,Tift County,GA,0.00,100.00,12.23,0.00,0.00,0.00,2014-08-12,2014-08-18,1
20140805,13277,Tift County,GA,0.00,100.00,0.00,0.00,0.00,0.00,2014-08-05,2014-08-11,1
20140729,13277,Tift County,GA,0.00,100.00,0.00,0.00,0.00,0.00,2014-07-29,2014-08-04,1
20140722,13277,Tift County,GA,13.55,86.45,0.00,0.00,0.00,0.00,2014-07-22,2014-07-28,1
20140715,13277,Tift County,GA,13.57,86.43,0.00,0.00,0.00,0.00,2014-07-15,2014-07-21,1
20140708,13277,Tift County,GA,100.00,0.00,0.00,0.00,0.00,0.00,2014-07-08,2014-07-14,1
20140701,13277,Tift County,GA,100.00,0.00,0.00,0.00,0.00,0.00,2014-07-01,2014-07-07,1
20140624,13277,Tift County,GA,100.00,0.00,0.00,0.00,0.00,0.00,2014-06-24,2014-06-30,1
20140617,13277,Tift County,GA,100.00,0.00,0.00,0.00,0.00,0.00,2014-06-17,2014-06-23,1
20140610,13277,Tift County,GA,100.00,0.00,0.00,0.00,0.00,0.00,2014-06-10,2014-06-16,1
20140603,13277,Tift County,GA,100.00,0.00,0.00,0.00,0.00,0.00,2014-06-03,2014-06-09,1
20140527,13277,Tift County,GA,100.00,0.00,0.00,0.00,0.00,0.00,2014-05-27,2014-06-02,1
20140520,13277,Tift County,GA,100.00,0.00,0.00,0.00,0.00,0.00,2014-05-20,2014-05-26,1
20140513,13277,Tift County,GA,100.00,0.00,0.00,0.00,0.00,0.00,2014-05-13,2014-05-19,1
20140506,13277,Tift County,GA,100.00,0.00,0.00,0.00,0.00,0.00,2014-05-06,2014-05-12,1
20140429,13277,Tift County,GA,100.00,0.00,0.00,0.00,0.00,0.00,2014-04-29,2014-05-05,1
20140422,13277,Tift County,GA,100.00,0.00,0.00,0.00,0.00,0.00,2014-04-22,2014-04-28,1
20140415,13277,Tift County,GA,100.00,0.00,0.00,0.00,0.00,0.00,2014-04-15,2014-04-21,1
20140408,13277,Tift County,GA,100.00,0.00,0.00,0.00,0.00,0.00,2014-04-08,2014-04-14,1
20140401,13277,Tift County,GA,100.00,0.00,0.00,0.00,0.00,0.00,2014-04-01,2014-04-07,1
20140325,13277,Tift County,GA,100.00,0.00,0.00,0.00,0.00,0.00,2014-03-25,2014-03-31,1
20140318,13277,Tift County,GA,100.00,0.00,0.00,0.00,0.00,0.00,2014-03-18,2014-03-24,1
20140311,13277,Tift County,GA,41.58,58.42,0.00,0.00,0.00,0.00,2014-03-11,2014-03-17,1
20140304,13277,Tift County,GA,100.00,0.00,0.00,0.00,0.00,0.00,2014-03-04,2014-03-10,1
20140225,13277,Tift County,GA,100.00,0.00,0.00,0.00,0.00,0.00,2014-02-25,2014-03-03,1
20140218,13277,Tift County,GA,100.00,0.00,0.00,0.00,0.00,0.00,2014-02-18,2014-02-24,1
20140211,13277,Tift County,GA,100.00,0.00,0.00,0.00,0.00,0.00,2014-02-11,2014-02-17,1
20140204,13277,Tift County,GA,100.00,0.00,0.00,0.00,0.00,0.00,2014-02-04,2014-02-10,1
20140128,13277,Tift County,GA,100.00,0.00,0.00,0.00,0.00,0.00,2014-01-28,2014-02-03,1
20140121,13277,Tift County,GA,100.00,0.00,0.00,0.00,0.00,0.00,2014-01-21,2014-01-27,1
20140114,13277,Tift County,GA,100.00,0.00,0.00,0.00,0.00,0.00,2014-01-14,2014-01-20,1
20140107,13277,Tift County,GA,100.00,0.00,0.00,0.00,0.00,0.00,2014-01-07,2014-01-13,1
20131231,13277,Tift County,GA,100.00,0.00,0.00,0.00,0.00,0.00,2013-12-31,2014-01-06,1
20131224,13277,Tift County,GA,80.91,19.09,0.00,0.00,0.00,0.00,2013-12-24,2013-12-30,1
20131217,13277,Tift County,GA,80.91,19.09,0.00,0.00,0.00,0.00,2013-12-17,2013-12-23,1
20131210,13277,Tift County,GA,80.91,19.09,0.00,0.00,0.00,0.00,2013-12-10,2013-12-16,1
20131203,13277,Tift County,GA,80.91,19.09,0.00,0.00,0.00,0.00,2013-12-03,2013-12-09,1
20131126,13277,Tift County,GA,80.91,19.09,0.00,0.00,0.00,0.00,2013-11-26,2013-12-02,1
20131119,13277,Tift County,GA,80.91,19.09,0.00,0.00,0.00,0.00,2013-11-19,2013-11-25,1
20131112,13277,Tift County,GA,95.55,4.45,0.00,0.00,0.00,0.00,2013-11-12,2013-11-18,1
20131105,13277,Tift County,GA,95.55,4.45,0.00,0.00,0.00,0.00,2013-11-05,2013-11-11,1
20131029,13277,Tift County,GA,95.55,4.45,0.00,0.00,0.00,0.00,2013-10-29,2013-11-04,1
20131022,13277,Tift County,GA,95.61,4.39,0.00,0.00,0.00,0.00,2013-10-22,2013-10-28,1
20131015,13277,Tift County,GA,100.00,0.00,0.00,0.00,0.00,0.00,2013-10-15,2013-10-21,1
20131008,13277,Tift County,GA,100.00,0.00,0.00,0.00,0.00,0.00,2013-10-08,2013-10-14,1
20131001,13277,Tift County,GA,100.00,0.00,0.00,0.00,0.00,0.00,2013-10-01,2013-10-07,1
20130924,13277,Tift County,GA,100.00,0.00,0.00,0.00,0.00,0.00,2013-09-24,2013-09-30,1
20130917,13277,Tift County,GA,100.00,0.00,0.00,0.00,0.00,0.00,2013-09-17,2013-09-23,1
20130910,13277,Tift County,GA,100.00,0.00,0.00,0.00,0.00,0.00,2013-09-10,2013-09-16,1
20130903,13277,Tift County,GA,100.00,0.00,0.00,0.00,0.00,0.00,2013-09-03,2013-09-09,1
20130827,13277,Tift County,GA,100.00,0.00,0.00,0.00,0.00,0.00,2013-08-27,2013-09-02,1
20130820,13277,Tift County,GA,100.00,0.00,0.00,0.00,0.00,0.00,2013-08-20,2013-08-26,1
20130813,13277,Tift County,GA,100.00,0.00,0.00,0.00,0.00,0.00,2013-08-13,2013-08-19,1
20130806,13277,Tift County,GA,100.00,0.00,0.00,0.00,0.00,0.00,2013-08-06,2013-08-12,1
20130730,13277,Tift County,GA,100.00,0.00,0.00,0.00,0.00,0.00,2013-07-30,2013-08-05,1
20130723,13277,Tift County,GA,100.00,0.00,0.00,0.00,0.00,0.00,2013-07-23,2013-07-29,1
20130716,13277,Tift County,GA,100.00,0.00,0.00,0.00,0.00,0.00,2013-07-16,2013-07-22,1
20130709,13277,Tift County,GA,100.00,0.00,0.00,0.00,0.00,0.00,2013-07-09,2013-07-15,1
20130702,13277,Tift County,GA,100.00,0.00,0.00,0.00,0.00,0.00,2013-07-02,2013-07-08,1
20130625,13277,Tift County,GA,100.00,0.00,0.00,0.00,0.00,0.00,2013-06-25,2013-07-01,1
20130618,13277,Tift County,GA,100.00,0.00,0.00,0.00,0.00,0.00,2013-06-18,2013-06-24,1
20130611,13277,Tift County,GA,100.00,0.00,0.00,0.00,0.00,0.00,2013-06-11,2013-06-17,1
20130604,13277,Tift County,GA,100.00,0.00,0.00,0.00,0.00,0.00,2013-06-04,2013-06-10,1
20130528,13277,Tift County,GA,100.00,0.00,0.00,0.00,0.00,0.00,2013-05-28,2013-06-03,1
20130521,13277,Tift County,GA,100.00,0.00,0.00,0.00,0.00,0.00,2013-05-21,2013-05-27,1
20130514,13277,Tift County,GA,100.00,0.00,0.00,0.00,0.00,0.00,2013-05-14,2013-05-20,1
20130507,13277,Tift County,GA,100.00,0.00,0.00,0.00,0.00,0.00,2013-05-07,2013-05-13,1
20130430,13277,Tift County,GA,100.00,0.00,0.00,0.00,0.00,0.00,2013-04-30,2013-05-06,1
20130423,13277,Tift County,GA,100.00,0.00,0.00,0.00,0.00,0.00,2013-04-23,2013-04-29,1
20130416,13277,Tift County,GA,100.00,0.00,0.00,0.00,0.00,0.00,2013-04-16,2013-04-22,1
20130409,13277,Tift County,GA,100.00,0.00,0.00,0.00,0.00,0.00,2013-04-09,2013-04-15,1
20130402,13277,Tift County,GA,100.00,0.00,0.00,0.00,0.00,0.00,2013-04-02,2013-04-08,1
20130326,13277,Tift County,GA,100.00,0.00,0.00,0.00,0.00,0.00,2013-03-26,2013-04-01,1
20130319,13277,Tift County,GA,0.00,100.00,0.00,0.00,0.00,0.00,2013-03-19,2013-03-25,1
20130312,13277,Tift County,GA,0.00,100.00,0.00,0.00,0.00,0.00,2013-03-12,2013-03-18,1
20130305,13277,Tift County,GA,0.00,100.00,0.00,0.00,0.00,0.00,2013-03-05,2013-03-11,1
20130226,13277,Tift County,GA,0.00,100.00,0.00,0.00,0.00,0.00,2013-02-26,2013-03-04,1
20130219,13277,Tift County,GA,0.00,100.00,100.00,3.39,0.00,0.00,2013-02-19,2013-02-25,1
20130212,13277,Tift County,GA,0.00,100.00,100.00,3.31,0.00,0.00,2013-02-12,2013-02-18,1
20130205,13277,Tift County,GA,0.00,100.00,100.00,100.00,0.00,0.00,2013-02-05,2013-02-11,1
20130129,13277,Tift County,GA,0.00,100.00,100.00,100.00,0.00,0.00,2013-01-29,2013-02-04,1
20130122,13277,Tift County,GA,0.00,100.00,100.00,0.95,0.00,0.00,2013-01-22,2013-01-28,1
20130115,13277,Tift County,GA,0.00,100.00,100.00,0.95,0.00,0.00,2013-01-15,2013-01-21,1
20130108,13277,Tift County,GA,0.00,100.00,100.00,2.70,0.00,0.00,2013-01-08,2013-01-14,1
20130101,13277,Tift County,GA,0.00,100.00,100.00,2.48,0.00,0.00,2013-01-01,2013-01-07,1
20121225,13277,Tift County,GA,0.00,100.00,100.00,2.48,0.00,0.00,2012-12-25,2012-12-31,1
20121218,13277,Tift County,GA,0.00,100.00,100.00,2.48,0.00,0.00,2012-12-18,2012-12-24,1
20121211,13277,Tift County,GA,0.00,100.00,100.00,2.48,0.00,0.00,2012-12-11,2012-12-17,1
20121204,13277,Tift County,GA,0.00,100.00,100.00,2.48,0.00,0.00,2012-12-04,2012-12-10,1
20121127,13277,Tift County,GA,0.00,100.00,100.00,2.48,0.00,0.00,2012-11-27,2012-12-03,1
20121120,13277,Tift County,GA,0.00,100.00,59.52,0.00,0.00,0.00,2012-11-20,2012-11-26,1
20121113,13277,Tift County,GA,0.00,100.00,0.00,0.00,0.00,0.00,2012-11-13,2012-11-19,1
20121106,13277,Tift County,GA,0.00,100.00,0.00,0.00,0.00,0.00,2012-11-06,2012-11-12,1
20121030,13277,Tift County,GA,0.00,100.00,0.00,0.00,0.00,0.00,2012-10-30,2012-11-05,1
20121023,13277,Tift County,GA,100.00,0.00,0.00,0.00,0.00,0.00,2012-10-23,2012-10-29,1
20121016,13277,Tift County,GA,100.00,0.00,0.00,0.00,0.00,0.00,2012-10-16,2012-10-22,1
20121009,13277,Tift County,GA,100.00,0.00,0.00,0.00,0.00,0.00,2012-10-09,2012-10-15,1
20121002,13277,Tift County,GA,100.00,0.00,0.00,0.00,0.00,0.00,2012-10-02,2012-10-08,1
20120925,13277,Tift County,GA,100.00,0.00,0.00,0.00,0.00,0.00,2012-09-25,2012-10-01,1
20120918,13277,Tift County,GA,100.00,0.00,0.00,0.00,0.00,0.00,2012-09-18,2012-09-24,1
20120911,13277,Tift County,GA,100.00,0.00,0.00,0.00,0.00,0.00,2012-09-11,2012-09-17,1
20120904,13277,Tift County,GA,100.00,0.00,0.00,0.00,0.00,0.00,2012-09-04,2012-09-10,1
20120828,13277,Tift County,GA,100.00,0.00,0.00,0.00,0.00,0.00,2012-08-28,2012-09-03,1
20120821,13277,Tift County,GA,27.15,72.85,0.00,0.00,0.00,0.00,2012-08-21,2012-08-27,1
20120814,13277,Tift County,GA,27.15,72.85,0.00,0.00,0.00,0.00,2012-08-14,2012-08-20,1
20120807,13277,Tift County,GA,0.00,100.00,100.00,50.39,0.00,0.00,2012-08-07,2012-08-13,1
20120731,13277,Tift County,GA,0.00,100.00,100.00,50.39,0.00,0.00,2012-07-31,2012-08-06,1
20120724,13277,Tift County,GA,0.00,100.00,100.00,50.39,0.00,0.00,2012-07-24,2012-07-30,1
20120717,13277,Tift County,GA,0.00,100.00,100.00,50.39,0.00,0.00,2012-07-17,2012-07-23,1
20120710,13277,Tift County,GA,0.00,100.00,100.00,79.14,0.00,0.00,2012-07-10,2012-07-16,1
20120703,13277,Tift County,GA,0.00,100.00,100.00,79.14,0.00,0.00,2012-07-03,2012-07-09,1
20120626,13277,Tift County,GA,0.00,100.00,100.00,79.14,0.00,0.00,2012-06-26,2012-07-02,1
20120619,13277,Tift County,GA,0.00,100.00,100.00,100.00,0.00,0.00,2012-06-19,2012-06-25,1
20120612,13277,Tift County,GA,0.00,100.00,100.00,100.00,0.00,0.00,2012-06-12,2012-06-18,1
20120605,13277,Tift County,GA,0.00,100.00,100.00,100.00,100.00,100.00,2012-06-05,2012-06-11,1
20120529,13277,Tift County,GA,0.00,100.00,100.00,100.00,100.00,100.00,2012-05-29,2012-06-04,1
20120522,13277,Tift County,GA,0.00,100.00,100.00,100.00,100.00,100.00,2012-05-22,2012-05-28,1
20120515,13277,Tift County,GA,0.00,100.00,100.00,100.00,100.00,100.00,2012-05-15,2012-05-21,1
20120508,13277,Tift County,GA,0.00,100.00,100.00,100.00,100.00,100.00,2012-05-08,2012-05-14,1
20120501,13277,Tift County,GA,0.00,100.00,100.00,100.00,100.00,100.00,2012-05-01,2012-05-07,1
20120424,13277,Tift County,GA,0.00,100.00,100.00,100.00,100.00,100.00,2012-04-24,2012-04-30,1
20120417,13277,Tift County,GA,0.00,100.00,100.00,100.00,100.00,100.00,2012-04-17,2012-04-23,1
20120410,13277,Tift County,GA,0.00,100.00,100.00,100.00,100.00,44.69,2012-04-10,2012-04-16,1
20120403,13277,Tift County,GA,0.00,100.00,100.00,100.00,100.00,0.00,2012-04-03,2012-04-09,1
20120327,13277,Tift County,GA,0.00,100.00,100.00,100.00,100.00,0.00,2012-03-27,2012-04-02,1
20120320,13277,Tift County,GA,0.00,100.00,100.00,100.00,100.00,0.00,2012-03-20,2012-03-26,1
20120313,13277,Tift County,GA,0.00,100.00,100.00,100.00,100.00,0.00,2012-03-13,2012-03-19,1
20120306,13277,Tift County,GA,0.00,100.00,100.00,100.00,100.00,0.00,2012-03-06,2012-03-12,1
20120228,13277,Tift County,GA,0.00,100.00,100.00,100.00,100.00,100.00,2012-02-28,2012-03-05,1
20120221,13277,Tift County,GA,0.00,100.00,100.00,100.00,100.00,100.00,2012-02-21,2012-02-27,1
20120214,13277,Tift County,GA,0.00,100.00,100.00,100.00,100.00,100.00,2012-02-14,2012-02-20,1
20120207,13277,Tift County,GA,0.00,100.00,100.00,100.00,100.00,100.00,2012-02-07,2012-02-13,1
20120131,13277,Tift County,GA,0.00,100.00,100.00,100.00,100.00,100.00,2012-01-31,2012-02-06,1
20120124,13277,Tift County,GA,0.00,100.00,100.00,100.00,100.00,0.00,2012-01-24,2012-01-30,1
20120117,13277,Tift County,GA,0.00,100.00,100.00,100.00,100.00,0.00,2012-01-17,2012-01-23,1
20120110,13277,Tift County,GA,0.00,100.00,100.00,100.00,100.00,0.00,2012-01-10,2012-01-16,1
20120103,13277,Tift County,GA,0.00,100.00,100.00,100.00,100.00,0.00,2012-01-03,2012-01-09,1
20111227,13277,Tift County,GA,0.00,100.00,100.00,100.00,100.00,0.00,2011-12-27,2012-01-02,1
20111220,13277,Tift County,GA,0.00,100.00,100.00,100.00,100.00,0.00,2011-12-20,2011-12-26,1
20111213,13277,Tift County,GA,0.00,100.00,100.00,100.00,100.00,0.00,2011-12-13,2011-12-19,1
20111206,13277,Tift County,GA,0.00,100.00,100.00,100.00,100.00,0.00,2011-12-06,2011-12-12,1
20111129,13277,Tift County,GA,0.00,100.00,100.00,100.00,100.00,0.00,2011-11-29,2011-12-05,1
20111122,13277,Tift County,GA,0.00,100.00,100.00,100.00,100.00,0.00,2011-11-22,2011-11-28,1
20111115,13277,Tift County,GA,0.00,100.00,100.00,100.00,100.00,0.00,2011-11-15,2011-11-21,1
20111108,13277,Tift County,GA,0.00,100.00,100.00,100.00,100.00,0.00,2011-11-08,2011-11-14,1
20111101,13277,Tift County,GA,0.00,100.00,100.00,100.00,100.00,0.00,2011-11-01,2011-11-07,1
20111025,13277,Tift County,GA,0.00,100.00,100.00,100.00,100.00,0.00,2011-10-25,2011-10-31,1
20111018,13277,Tift County,GA,0.00,100.00,100.00,100.00,100.00,0.00,2011-10-18,2011-10-24,1
20111011,13277,Tift County,GA,0.00,100.00,100.00,100.00,100.00,0.00,2011-10-11,2011-10-17,1
20111004,13277,Tift County,GA,0.00,100.00,100.00,100.00,100.00,0.00,2011-10-04,2011-10-10,1
20110927,13277,Tift County,GA,0.00,100.00,100.00,100.00,100.00,0.00,2011-09-27,2011-10-03,1
20110920,13277,Tift County,GA,0.00,100.00,100.00,100.00,100.00,0.00,2011-09-20,2011-09-26,1
20110913,13277,Tift County,GA,0.00,100.00,100.00,100.00,100.00,0.00,2011-09-13,2011-09-19,1
20110906,13277,Tift County,GA,0.00,100.00,100.00,100.00,100.00,0.00,2011-09-06,2011-09-12,1
20110830,13277,Tift County,GA,0.00,100.00,100.00,100.00,100.00,0.00,2011-08-30,2011-09-05,1
20110823,13277,Tift County,GA,0.00,100.00,100.00,100.00,0.10,0.00,2011-08-23,2011-08-29,1
20110816,13277,Tift County,GA,0.00,100.00,100.00,100.00,0.10,0.00,2011-08-16,2011-08-22,1
20110809,13277,Tift County,GA,0.00,100.00,100.00,100.00,100.00,0.00,2011-08-09,2011-08-15,1
20110802,13277,Tift County,GA,0.00,100.00,100.00,100.00,100.00,0.00,2011-08-02,2011-08-08,1
20110726,13277,Tift County,GA,0.00,100.00,100.00,100.00,100.00,0.00,2011-07-26,2011-08-01,1
20110719,13277,Tift County,GA,0.00,100.00,100.00,100.00,100.00,0.00,2011-07-19,2011-07-25,1
20110712,13277,Tift County,GA,0.00,100.00,100.00,100.00,100.00,100.00,2011-07-12,2011-07-18,1
20110705,13277,Tift County,GA,0.00,100.00,100.00,100.00,100.00,100.00,2011-07-05,2011-07-11,1
20110628,13277,Tift County,GA,0.00,100.00,100.00,100.00,100.00,100.00,2011-06-28,2011-07-04,1
20110621,13277,Tift County,GA,0.00,100.00,100.00,100.00,100.00,100.00,2011-06-21,2011-06-27,1
20110614,13277,Tift County,GA,0.00,100.00,100.00,100.00,100.00,4.02,2011-06-14,2011-06-20,1
20110607,13277,Tift County,GA,0.00,100.00,100.00,100.00,100.00,0.00,2011-06-07,2011-06-13,1
20110531,13277,Tift County,GA,0.00,100.00,100.00,100.00,100.00,0.00,2011-05-31,2011-06-06,1
20110524,13277,Tift County,GA,0.00,100.00,100.00,100.00,0.00,0.00,2011-05-24,2011-05-30,1
20110517,13277,Tift County,GA,0.00,100.00,100.00,100.00,0.00,0.00,2011-05-17,2011-05-23,1
20110510,13277,Tift County,GA,0.00,100.00,100.00,100.00,0.00,0.00,2011-05-10,2011-05-16,1
20110503,13277,Tift County,GA,0.00,100.00,100.00,17.77,0.00,0.00,2011-05-03,2011-05-09,1
20110426,13277,Tift County,GA,0.00,100.00,100.00,17.77,0.00,0.00,2011-04-26,2011-05-02,1
20110419,13277,Tift County,GA,0.00,100.00,100.00,17.77,0.00,0.00,2011-04-19,2011-04-25,1
20110412,13277,Tift County,GA,0.00,100.00,100.00,17.77,0.00,0.00,2011-04-12,2011-04-18,1
20110405,13277,Tift County,GA,0.00,100.00,100.00,25.54,0.00,0.00,2011-04-05,2011-04-11,1
20110329,13277,Tift County,GA,0.00,100.00,100.00,100.00,0.00,0.00,2011-03-29,2011-04-04,1
20110322,13277,Tift County,GA,0.00,100.00,100.00,0.00,0.00,0.00,2011-03-22,2011-03-28,1
20110315,13277,Tift County,GA,0.00,100.00,100.00,0.00,0.00,0.00,2011-03-15,2011-03-21,1
20110308,13277,Tift County,GA,0.00,100.00,100.00,0.00,0.00,0.00,2011-03-08,2011-03-14,1
20110301,13277,Tift County,GA,0.00,100.00,100.00,0.00,0.00,0.00,2011-03-01,2011-03-07,1
20110222,13277,Tift County,GA,0.00,100.00,100.00,0.00,0.00,0.00,2011-02-22,2011-02-28,1
20110215,13277,Tift County,GA,0.00,100.00,100.00,0.00,0.00,0.00,2011-02-15,2011-02-21,1
20110208,13277,Tift County,GA,0.00,100.00,100.00,0.00,0.00,0.00,2011-02-08,2011-02-14,1
20110201,13277,Tift County,GA,0.00,100.00,100.00,100.00,0.00,0.00,2011-02-01,2011-02-07,1
20110125,13277,Tift County,GA,0.00,100.00,100.00,100.00,0.00,0.00,2011-01-25,2011-01-31,1
20110118,13277,Tift County,GA,0.00,100.00,100.00,100.00,0.00,0.00,2011-01-18,2011-01-24,1
20110111,13277,Tift County,GA,0.00,100.00,100.00,100.00,0.00,0.00,2011-01-11,2011-01-17,1
20110104,13277,Tift County,GA,0.00,100.00,100.00,100.00,0.00,0.00,2011-01-04,2011-01-10,1
20101228,13277,Tift County,GA,0.00,100.00,100.00,100.00,0.00,0.00,2010-12-28,2011-01-03,1
20101221,13277,Tift County,GA,0.00,100.00,100.00,100.00,0.00,0.00,2010-12-21,2010-12-27,1
20101214,13277,Tift County,GA,0.00,100.00,100.00,100.00,0.00,0.00,2010-12-14,2010-12-20,1
20101207,13277,Tift County,GA,0.00,100.00,100.00,100.00,0.00,0.00,2010-12-07,2010-12-13,1
20101130,13277,Tift County,GA,0.00,100.00,100.00,100.00,0.00,0.00,2010-11-30,2010-12-06,1
20101123,13277,Tift County,GA,0.00,100.00,100.00,100.00,0.00,0.00,2010-11-23,2010-11-29,1
20101116,13277,Tift County,GA,0.00,100.00,100.00,25.63,0.00,0.00,2010-11-16,2010-11-22,1
20101109,13277,Tift County,GA,0.00,100.00,100.00,43.33,0.00,0.00,2010-11-09,2010-11-15,1
20101102,13277,Tift County,GA,0.00,100.00,100.00,43.33,0.00,0.00,2010-11-02,2010-11-08,1
20101026,13277,Tift County,GA,0.00,100.00,100.00,0.00,0.00,0.00,2010-10-26,2010-11-01,1
20101019,13277,Tift County,GA,0.00,100.00,100.00,0.00,0.00,0.00,2010-10-19,2010-10-25,1
20101012,13277,Tift County,GA,0.00,100.00,100.00,0.00,0.00,0.00,2010-10-12,2010-10-18,1
20101005,13277,Tift County,GA,0.00,100.00,100.00,0.00,0.00,0.00,2010-10-05,2010-10-11,1
20100928,13277,Tift County,GA,0.00,100.00,100.00,0.00,0.00,0.00,2010-09-28,2010-10-04,1
20100921,13277,Tift County,GA,0.00,100.00,100.00,0.00,0.00,0.00,2010-09-21,2010-09-27,1
20100914,13277,Tift County,GA,0.00,100.00,100.00,0.00,0.00,0.00,2010-09-14,2010-09-20,1
20100907,13277,Tift County,GA,0.00,100.00,0.00,0.00,0.00,0.00,2010-09-07,2010-09-13,1
20100831,13277,Tift County,GA,0.00,100.00,0.00,0.00,0.00,0.00,2010-08-31,2010-09-06,1
20100824,13277,Tift County,GA,0.00,100.00,0.00,0.00,0.00,0.00,2010-08-24,2010-08-30,1
20100817,13277,Tift County,GA,0.00,100.00,0.00,0.00,0.00,0.00,2010-08-17,2010-08-23,1
20100810,13277,Tift County,GA,13.91,86.09,0.00,0.00,0.00,0.00,2010-08-10,2010-08-16,1
20100803,13277,Tift County,GA,100.00,0.00,0.00,0.00,0.00,0.00,2010-08-03,2010-08-09,1
20100727,13277,Tift County,GA,100.00,0.00,0.00,0.00,0.00,0.00,2010-07-27,2010-08-02,1
20100720,13277,Tift County,GA,100.00,0.00,0.00,0.00,0.00,0.00,2010-07-20,2010-07-26,1
20100713,13277,Tift County,GA,100.00,0.00,0.00,0.00,0.00,0.00,2010-07-13,2010-07-19,1
20100706,13277,Tift County,GA,100.00,0.00,0.00,0.00,0.00,0.00,2010-07-06,2010-07-12,1
20100629,13277,Tift County,GA,100.00,0.00,0.00,0.00,0.00,0.00,2010-06-29,2010-07-05,1
20100622,13277,Tift County,GA,100.00,0.00,0.00,0.00,0.00,0.00,2010-06-22,2010-06-28,1
20100615,13277,Tift County,GA,100.00,0.00,0.00,0.00,0.00,0.00,2010-06-15,2010-06-21,1
20100608,13277,Tift County,GA,100.00,0.00,0.00,0.00,0.00,0.00,2010-06-08,2010-06-14,1
20100601,13277,Tift County,GA,100.00,0.00,0.00,0.00,0.00,0.00,2010-06-01,2010-06-07,1
20100525,13277,Tift County,GA,100.00,0.00,0.00,0.00,0.00,0.00,2010-05-25,2010-05-31,1
20100518,13277,Tift County,GA,100.00,0.00,0.00,0.00,0.00,0.00,2010-05-18,2010-05-24,1
20100511,13277,Tift County,GA,100.00,0.00,0.00,0.00,0.00,0.00,2010-05-11,2010-05-17,1
20100504,13277,Tift County,GA,100.00,0.00,0.00,0.00,0.00,0.00,2010-05-04,2010-05-10,1
20100427,13277,Tift County,GA,100.00,0.00,0.00,0.00,0.00,0.00,2010-04-27,2010-05-03,1
20100420,13277,Tift County,GA,100.00,0.00,0.00,0.00,0.00,0.00,2010-04-20,2010-04-26,1
20100413,13277,Tift County,GA,100.00,0.00,0.00,0.00,0.00,0.00,2010-04-13,2010-04-19,1
20100406,13277,Tift County,GA,100.00,0.00,0.00,0.00,0.00,0.00,2010-04-06,2010-04-12,1
20100330,13277,Tift County,GA,100.00,0.00,0.00,0.00,0.00,0.00,2010-03-30,2010-04-05,1
20100323,13277,Tift County,GA,100.00,0.00,0.00,0.00,0.00,0.00,2010-03-23,2010-03-29,1
20100316,13277,Tift County,GA,100.00,0.00,0.00,0.00,0.00,0.00,2010-03-16,2010-03-22,1
20100309,13277,Tift County,GA,100.00,0.00,0.00,0.00,0.00,0.00,2010-03-09,2010-03-15,1
20100302,13277,Tift County,GA,100.00,0.00,0.00,0.00,0.00,0.00,2010-03-02,2010-03-08,1
20100223,13277,Tift County,GA,100.00,0.00,0.00,0.00,0.00,0.00,2010-02-23,2010-03-01,1
20100216,13277,Tift County,GA,100.00,0.00,0.00,0.00,0.00,0.00,2010-02-16,2010-02-22,1
20100209,13277,Tift County,GA,100.00,0.00,0.00,0.00,0.00,0.00,2010-02-09,2010-02-15,1
20100202,13277,Tift County,GA,100.00,0.00,0.00,0.00,0.00,0.00,2010-02-02,2010-02-08,1
20100126,13277,Tift County,GA,100.00,0.00,0.00,0.00,0.00,0.00,2010-01-26,2010-02-01,1
20100119,13277,Tift County,GA,100.00,0.00,0.00,0.00,0.00,0.00,2010-01-19,2010-01-25,1
20100112,13277,Tift County,GA,100.00,0.00,0.00,0.00,0.00,0.00,2010-01-12,2010-01-18,1
20100105,13277,Tift County,GA,100.00,0.00,0.00,0.00,0.00,0.00,2010-01-05,2010-01-11,1
20091229,13277,Tift County,GA,100.00,0.00,0.00,0.00,0.00,0.00,2009-12-29,2010-01-04,1
20091222,13277,Tift County,GA,100.00,0.00,0.00,0.00,0.00,0.00,2009-12-22,2009-12-28,1
20091215,13277,Tift County,GA,100.00,0.00,0.00,0.00,0.00,0.00,2009-12-15,2009-12-21,1
20091208,13277,Tift County,GA,100.00,0.00,0.00,0.00,0.00,0.00,2009-12-08,2009-12-14,1
20091201,13277,Tift County,GA,100.00,0.00,0.00,0.00,0.00,0.00,2009-12-01,2009-12-07,1
20091124,13277,Tift County,GA,100.00,0.00,0.00,0.00,0.00,0.00,2009-11-24,2009-11-30,1
20091117,13277,Tift County,GA,100.00,0.00,0.00,0.00,0.00,0.00,2009-11-17,2009-11-23,1
20091110,13277,Tift County,GA,100.00,0.00,0.00,0.00,0.00,0.00,2009-11-10,2009-11-16,1
20091103,13277,Tift County,GA,100.00,0.00,0.00,0.00,0.00,0.00,2009-11-03,2009-11-09,1
20091027,13277,Tift County,GA,100.00,0.00,0.00,0.00,0.00,0.00,2009-10-27,2009-11-02,1
20091020,13277,Tift County,GA,100.00,0.00,0.00,0.00,0.00,0.00,2009-10-20,2009-10-26,1
20091013,13277,Tift County,GA,100.00,0.00,0.00,0.00,0.00,0.00,2009-10-13,2009-10-19,1
20091006,13277,Tift County,GA,100.00,0.00,0.00,0.00,0.00,0.00,2009-10-06,2009-10-12,1
20090929,13277,Tift County,GA,100.00,0.00,0.00,0.00,0.00,0.00,2009-09-29,2009-10-05,1
20090922,13277,Tift County,GA,100.00,0.00,0.00,0.00,0.00,0.00,2009-09-22,2009-09-28,1
20090915,13277,Tift County,GA,100.00,0.00,0.00,0.00,0.00,0.00,2009-09-15,2009-09-21,1
20090908,13277,Tift County,GA,100.00,0.00,0.00,0.00,0.00,0.00,2009-09-08,2009-09-14,1
20090901,13277,Tift County,GA,100.00,0.00,0.00,0.00,0.00,0.00,2009-09-01,2009-09-07,1
20090825,13277,Tift County,GA,100.00,0.00,0.00,0.00,0.00,0.00,2009-08-25,2009-08-31,1
20090818,13277,Tift County,GA,100.00,0.00,0.00,0.00,0.00,0.00,2009-08-18,2009-08-24,1
20090811,13277,Tift County,GA,100.00,0.00,0.00,0.00,0.00,0.00,2009-08-11,2009-08-17,1
20090804,13277,Tift County,GA,100.00,0.00,0.00,0.00,0.00,0.00,2009-08-04,2009-08-10,1
20090728,13277,Tift County,GA,100.00,0.00,0.00,0.00,0.00,0.00,2009-07-28,2009-08-03,1
20090721,13277,Tift County,GA,100.00,0.00,0.00,0.00,0.00,0.00,2009-07-21,2009-07-27,1
20090714,13277,Tift County,GA,100.00,0.00,0.00,0.00,0.00,0.00,2009-07-14,2009-07-20,1
20090707,13277,Tift County,GA,100.00,0.00,0.00,0.00,0.00,0.00,2009-07-07,2009-07-13,1
20090630,13277,Tift County,GA,100.00,0.00,0.00,0.00,0.00,0.00,2009-06-30,2009-07-06,1
20090623,13277,Tift County,GA,100.00,0.00,0.00,0.00,0.00,0.00,2009-06-23,2009-06-29,1
20090616,13277,Tift County,GA,100.00,0.00,0.00,0.00,0.00,0.00,2009-06-16,2009-06-22,1
20090609,13277,Tift County,GA,100.00,0.00,0.00,0.00,0.00,0.00,2009-06-09,2009-06-15,1
20090602,13277,Tift County,GA,100.00,0.00,0.00,0.00,0.00,0.00,2009-06-02,2009-06-08,1
20090526,13277,Tift County,GA,100.00,0.00,0.00,0.00,0.00,0.00,2009-05-26,2009-06-01,1
20090519,13277,Tift County,GA,100.00,0.00,0.00,0.00,0.00,0.00,2009-05-19,2009-05-25,1
20090512,13277,Tift County,GA,100.00,0.00,0.00,0.00,0.00,0.00,2009-05-12,2009-05-18,1
20090505,13277,Tift County,GA,100.00,0.00,0.00,0.00,0.00,0.00,2009-05-05,2009-05-11,1
20090428,13277,Tift County,GA,100.00,0.00,0.00,0.00,0.00,0.00,2009-04-28,2009-05-04,1
20090421,13277,Tift County,GA,100.00,0.00,0.00,0.00,0.00,0.00,2009-04-21,2009-04-27,1
20090414,13277,Tift County,GA,100.00,0.00,0.00,0.00,0.00,0.00,2009-04-14,2009-04-20,1
20090407,13277,Tift County,GA,100.00,0.00,0.00,0.00,0.00,0.00,2009-04-07,2009-04-13,1
20090331,13277,Tift County,GA,100.00,0.00,0.00,0.00,0.00,0.00,2009-03-31,2009-04-06,1
20090324,13277,Tift County,GA,0.00,100.00,78.36,0.00,0.00,0.00,2009-03-24,2009-03-30,1
20090317,13277,Tift County,GA,0.00,100.00,78.36,0.00,0.00,0.00,2009-03-17,2009-03-23,1
20090310,13277,Tift County,GA,0.00,100.00,78.36,0.00,0.00,0.00,2009-03-10,2009-03-16,1
20090303,13277,Tift County,GA,0.00,100.00,78.36,0.00,0.00,0.00,2009-03-03,2009-03-09,1
20090224,13277,Tift County,GA,0.00,100.00,78.36,0.00,0.00,0.00,2009-02-24,2009-03-02,1
20090217,13277,Tift County,GA,0.00,100.00,0.00,0.00,0.00,0.00,2009-02-17,2009-02-23,1
20090210,13277,Tift County,GA,0.00,100.00,0.00,0.00,0.00,0.00,2009-02-10,2009-02-16,1
20090203,13277,Tift County,GA,100.00,0.00,0.00,0.00,0.00,0.00,2009-02-03,2009-02-09,1
20090127,13277,Tift County,GA,100.00,0.00,0.00,0.00,0.00,0.00,2009-01-27,2009-02-02,1
20090120,13277,Tift County,GA,100.00,0.00,0.00,0.00,0.00,0.00,2009-01-20,2009-01-26,1
20090113,13277,Tift County,GA,100.00,0.00,0.00,0.00,0.00,0.00,2009-01-13,2009-01-19,1
20090106,13277,Tift County,GA,100.00,0.00,0.00,0.00,0.00,0.00,2009-01-06,2009-01-12,1
20081230,13277,Tift County,GA,100.00,0.00,0.00,0.00,0.00,0.00,2008-12-30,2009-01-05,1
